"Внутренний идентификатор";"Код товара";"Название товара";"Тип товара";Бренд;Артикул;Штрихкод;Категория;Ссылка;стиль;форма;"цвет арматуры";"материал арматуры";"цвет плафона";"материал плафона";ширина/диаметр;длина;высота;"тип лампы";"мощность общая";напряжение;"тип цоколя";"степень защиты ip";"цвет свечения";"место установки";"страна происхождения";коллекция;"Назначение помещения";"форма плафона";"лампы в комплекте";"вес коробки";"количество грузовых мест";"объем коробки";"площадь освещения";"размер коробки (ДхШхВ)";"световой поток";"Запрет для МП";"Полное наименование Denkirs";Инструкция;"3D модель";диммируемость;"материал декора";"угол рассеивания света";цветопередача;"мощность лампы";"количество ламп";"количество фаз";"тип монтажа";"способ крепления";"ies файл";выключатель;"вид управления";поворотный;"вид выключателя";"пульт управления";"датчик движения";особенности;подсветка;"монтажное отверстие (длина)";"монтажное отверстие (ширина)";магнитный;"регулировка по высоте";"управляется голосовыми помощниками";"управляется приложениями";"управляется экосистемами умного дома";"высота минимальная";"тип подвеса";"длина цепи";"монтажное отверстие (диаметр)";"протоколы связи";"цвет декора";"диапазон рабочих температур";"мощность выходная";"датчик освещенности";филамент;Видео;Картинка;Картинка;Картинка;Картинка;Картинка;Картинка;Картинка;Картинка;Картинка;Картинка;Картинка;Картинка;Картинка;Картинка;Картинка;Картинка
679471;679471;"Бра Denkirs DK5010-BK";Бра;Denkirs;DK5010-BK;4631163598606;"Свет для дома / Настенные бра";https://divine-light.ru/catalog/nastennye_i_bra/dk5010_bk_bra_600_mm_3000k_ip20_7_vt_chernyy_alyuminiy/;хай-тек;овал;черный;алюминий;черный;алюминий;16;60;600;LED;5;220;"встроенный светодиод";20;"белый (теплый)";"На стену";Словения;"Stang | СТЭНГ";гостиная;Прямоугольный;Да;0.729;1;0.011;1;690х150х110;360;Нет;"Настенный светильник Denkirs DK5010-BK";"https://divine-light.ru/files/upload/instruction/denkirs/DK5010-BK/Stang DK5010-5012-5014.pdf";https://divine-light.ru/upload/3d/Denkirs/DK5010-BK.zip;;;;;;;;;;;;;;;;;;;;;;;;;;;;;;;;;;;;;https://img.divine-light.ru/1/645/001645584_800_800.jpg;https://img.divine-light.ru/1/645/001645589_800_800.jpg;https://img.divine-light.ru/1/645/001645590_800_800.jpg;https://img.divine-light.ru/1/645/001645591_800_800.jpg;https://img.divine-light.ru/1/645/001645585_800_800.jpg;https://img.divine-light.ru/1/645/001645586_800_800.jpg;https://img.divine-light.ru/1/645/001645587_800_800.jpg;https://img.divine-light.ru/1/645/001645588_800_800.jpg;;;;;;;;
679472;679472;"Бра Denkirs DK5012-BK";Бра;Denkirs;DK5012-BK;4631163598613;"Свет для дома / Настенные бра";https://divine-light.ru/catalog/nastennye_i_bra/dk5012_bk_bra_800_mm_3000k_ip20_9_vt_chernyy_alyuminiy/;хай-тек;овал;черный;алюминий;черный;алюминий;16;60;800;LED;7;220;"встроенный светодиод";20;"белый (теплый)";"На стену";Словения;"Stang | СТЭНГ";гостиная;Прямоугольный;Да;0.816;1;0.015;2;880х150х110;475;Нет;"Настенный светильник Denkirs DK5012-BK";"https://divine-light.ru/files/upload/instruction/denkirs/DK5012-BK/Stang DK5010-5012-5014.pdf";https://divine-light.ru/upload/3d/Denkirs/DK5012-BK.zip;;;;;;;;;;;;;;;;;;;;;;;;;;;;;;;;;;;;;https://img.divine-light.ru/1/645/001645594_800_800.jpg;https://img.divine-light.ru/1/645/001645595_800_800.jpg;https://img.divine-light.ru/1/645/001645596_800_800.jpg;https://img.divine-light.ru/1/645/001645597_800_800.jpg;https://img.divine-light.ru/1/645/001645598_800_800.jpg;https://img.divine-light.ru/1/645/001645599_800_800.jpg;https://img.divine-light.ru/1/645/001645600_800_800.jpg;https://img.divine-light.ru/1/645/001645601_800_800.jpg;https://img.divine-light.ru/1/645/001645602_800_800.jpg;;;;;;;
679473;679473;"Бра Denkirs DK5014-BK";Бра;Denkirs;DK5014-BK;4631163598620;"Свет для дома / Настенные бра";https://divine-light.ru/catalog/nastennye_i_bra/dk5014_bk_bra_1000_mm_3000k_ip20_20_vt_chernyy_alyuminiy/;хай-тек;овал;черный;алюминий;черный;алюминий;16;60;1000;LED;12;220;"встроенный светодиод";20;"белый (теплый)";"На стену";Словения;"Stang | СТЭНГ";гостиная;Прямоугольный;Да;0.931;1;0.018;4;1070х150х110;740;Нет;"Настенный светильник Denkirs DK5014-BK";"https://divine-light.ru/files/upload/instruction/denkirs/DK5014-BK/Stang DK5010-5012-5014.pdf";https://divine-light.ru/upload/3d/Denkirs/DK5014-BK.zip;;;;;;;;;;;;;;;;;;;;;;;;;;;;;;;;;;;;;https://img.divine-light.ru/1/645/001645610_800_800.jpg;https://img.divine-light.ru/1/645/001645615_800_800.jpg;https://img.divine-light.ru/1/645/001645616_800_800.jpg;https://img.divine-light.ru/1/645/001645617_800_800.jpg;https://img.divine-light.ru/1/645/001645618_800_800.jpg;https://img.divine-light.ru/1/645/001645611_800_800.jpg;https://img.divine-light.ru/1/645/001645612_800_800.jpg;https://img.divine-light.ru/1/645/001645613_800_800.jpg;https://img.divine-light.ru/1/645/001645614_800_800.jpg;;;;;;;
712867;712867;"Бра Denkirs DK5010-SG";Бра;Denkirs;DK5010-SG;4631168647804;"Свет для дома / Настенные бра";https://divine-light.ru/catalog/nastennye_i_bra/dk5010_sg_bra_600_mm_3000k_ip20_5_vt_matovoe_zoloto/;хай-тек;овал;"золото матовое";алюминий;"золото матовое";алюминий;16;60;600;LED;5;220;"встроенный светодиод";20;"белый (теплый)";"На стену";Словения;"Stang | СТЭНГ";гостиная;Прямоугольный;Да;0.729;1;0.011;1;690х150х110;360;Нет;"Настенный светильник Denkirs DK5010-SG";"https://divine-light.ru/files/upload/instruction/denkirs/DK5010-SG/Stang DK5010-5012-5014.pdf";;;;;;;;;;;;;;;;;;;;;;;;;;;;;;;;;;;;;;https://img.divine-light.ru/0/833/000833168_800_800.jpg;https://img.divine-light.ru/0/833/000833170_800_800.jpg;https://img.divine-light.ru/1/645/001645592_800_800.jpg;https://img.divine-light.ru/1/645/001645593_800_800.jpg;https://img.divine-light.ru/0/833/000833171_800_800.jpg;https://img.divine-light.ru/0/833/000833172_800_800.jpg;https://img.divine-light.ru/0/833/000833173_800_800.jpg;;;;;;;;;
712868;712868;"Бра Denkirs DK5012-SG";Бра;Denkirs;DK5012-SG;4631168647811;"Свет для дома / Настенные бра";https://divine-light.ru/catalog/nastennye_i_bra/dk5012_sg_bra_800_mm_3000k_ip20_7_vt_matovoe_zoloto/;хай-тек;овал;"золото матовое";алюминий;"золото матовое";алюминий;16;60;800;LED;7;220;"встроенный светодиод";20;"белый (теплый)";"На стену";Словения;"Stang | СТЭНГ";гостиная;Прямоугольный;Да;0.816;1;0.015;2;880х150х110;475;Нет;"Настенный светильник Denkirs DK5012-SG";"https://divine-light.ru/files/upload/instruction/denkirs/DK5012-SG/Stang DK5010-5012-5014.pdf";;;;;;;;;;;;;;;;;;;;;;;;;;;;;;;;;;;;;;https://img.divine-light.ru/1/645/001645603_800_800.jpg;https://img.divine-light.ru/1/645/001645604_800_800.jpg;https://img.divine-light.ru/1/645/001645605_800_800.jpg;https://img.divine-light.ru/1/645/001645606_800_800.jpg;https://img.divine-light.ru/1/645/001645607_800_800.jpg;https://img.divine-light.ru/1/645/001645608_800_800.jpg;https://img.divine-light.ru/1/645/001645609_800_800.jpg;;;;;;;;;
712869;712869;"Бра Denkirs DK5014-SG";Бра;Denkirs;DK5014-SG;4631168647828;"Свет для дома / Настенные бра";https://divine-light.ru/catalog/nastennye_i_bra/dk5014_sg_bra_1000_mm_3000k_ip20_12_vt_matovoe_zoloto/;хай-тек;овал;"золото матовое";алюминий;"золото матовое";алюминий;16;60;1000;LED;12;220;"встроенный светодиод";20;"белый (теплый)";"На стену";Словения;"Stang | СТЭНГ";гостиная;Прямоугольный;Да;0.931;1;0.018;4;1070х150х110;740;Нет;"Настенный светильник Denkirs DK5014-SG";"https://divine-light.ru/files/upload/instruction/denkirs/DK5014-SG/Stang DK5010-5012-5014.pdf";;;;;;;;;;;;;;;;;;;;;;;;;;;;;;;;;;;;;;https://img.divine-light.ru/1/645/001645619_800_800.jpg;https://img.divine-light.ru/1/645/001645624_800_800.jpg;https://img.divine-light.ru/1/645/001645625_800_800.jpg;https://img.divine-light.ru/1/645/001645620_800_800.jpg;https://img.divine-light.ru/1/645/001645621_800_800.jpg;https://img.divine-light.ru/1/645/001645622_800_800.jpg;https://img.divine-light.ru/1/645/001645623_800_800.jpg;;;;;;;;;
732102;732102;"Бра Denkirs DK7503-BK";Бра;Denkirs;DK7503-BK;4631170485777;"Свет для дома / Настенные бра";https://divine-light.ru/catalog/nastennye_i_bra/dk7503-bk-cvetilnik-tros-v-opletke-flex-so-svetodiodom-3m-24v-dc-52w-360-3000k-ip20-chernyy_732102/;современный;овал;черный;алюминий;белый;силикон;;3000;;LED;52;24;"встроенный светодиод";20;"белый (теплый)";;Словения;"Flex | ФЛЕКС";гостиная;Цилиндр;Да;2.06;1;0.0325;17;500х500х130;2310;Да;"Настенный светильник FLEX DK7503-BK";https://divine-light.ru/files/upload/instruction/denkirs/DK7503-BK.pdf;;Да;пластик;360;>90;;;;;;;;;;;;;;;;;;;;;;;;;;;;;;;;;https://img.divine-light.ru/1/281/001281008_800_800.jpg;https://img.divine-light.ru/1/999/001024248_800_800.jpg;https://img.divine-light.ru/1/509/001509957_800_800.jpg;https://img.divine-light.ru/1/999/001024250_800_800.jpg;https://img.divine-light.ru/1/999/001024252_800_800.jpg;;;;;;;;;;;
723061;723061;"Бра Denkirs DK5021-BK";Бра;Denkirs;DK5021-BK;4631169948368;"Свет для дома / Настенные бра";https://divine-light.ru/catalog/nastennye_i_bra/dk5021_bk_nastennyy_svetilnik_ip20_do_15_vt_led_gu10_chernyy_alyuminiy/;современный;овал;черный;алюминий;черный;алюминий;54;;150;LED;15;220;GU10;20;;"На стену";Словения;"Scope | СКОУП";гостиная;Цилиндр;Нет;0.324;1;0.002;1;185х70х185;;Нет;"Настенный светильник Denkirs DK5021-BK";https://divine-light.ru/files/upload/instruction/denkirs/DK5021-BK.pdf;;;;;;15;1;;;;;;;;;;;;;;;;;;;;;;;;;;;;;;;https://img.divine-light.ru/1/645/001645626_800_800.jpg;https://img.divine-light.ru/1/645/001645631_800_800.jpg;https://img.divine-light.ru/1/645/001645627_800_800.jpg;https://img.divine-light.ru/1/645/001645628_800_800.jpg;https://img.divine-light.ru/1/645/001645629_800_800.jpg;https://img.divine-light.ru/1/645/001645630_800_800.jpg;;;;;;;;;;
723062;723062;"Бра Denkirs DK5021-SG";Бра;Denkirs;DK5021-SG;4631169948375;"Свет для дома / Настенные бра";https://divine-light.ru/catalog/nastennye_i_bra/dk5021_sg_nastennyy_svetilnik_ip20_do_15_vt_led_gu10_matovoe_zoloto_alyuminiy/;современный;овал;золотой;алюминий;золотой;алюминий;54;;150;LED;15;220;GU10;20;;"На стену";Словения;"Scope | СКОУП";гостиная;Цилиндр;Нет;0.324;1;0.002;1;185х70х185;;Нет;"Настенный светильник Denkirs DK5021-SG";https://divine-light.ru/files/upload/instruction/denkirs/DK5021-SG.pdf;;;;;;15;1;;;;;;;;;;;;;;;;;;;;;;;;;;;;;;;https://img.divine-light.ru/1/645/001645632_800_800.jpg;https://img.divine-light.ru/1/645/001645637_800_800.jpg;https://img.divine-light.ru/1/645/001645633_800_800.jpg;https://img.divine-light.ru/1/645/001645634_800_800.jpg;https://img.divine-light.ru/1/645/001645635_800_800.jpg;https://img.divine-light.ru/1/645/001645636_800_800.jpg;;;;;;;;;;
723063;723063;"Бра Denkirs DK5022-WH";Бра;Denkirs;DK5022-WH;4631169948382;"Свет для дома / Настенные бра";https://divine-light.ru/catalog/nastennye_i_bra/dk5022_wh_nastennyy_svetilnik_ip20_do_15_vt_led_2xgu10_belyy_alyuminiy/;современный;овал;белый;алюминий;белый;алюминий;54;;300;LED;30;220;GU10;20;;"На стену";Словения;"Scope | СКОУП";гостиная;Цилиндр;Нет;0.57;1;0.0015;3;60х80х310;;Нет;"Настенный светильник Denkirs DK5022-WH";;;;;;;15;2;;;;;;;;;;;;;;;;;;;;;;;;;;;;;;;https://img.divine-light.ru/1/645/001645658_800_800.jpg;https://img.divine-light.ru/1/645/001645663_800_800.jpg;https://img.divine-light.ru/1/645/001645664_800_800.jpg;https://img.divine-light.ru/1/645/001645659_800_800.jpg;https://img.divine-light.ru/1/645/001645660_800_800.jpg;https://img.divine-light.ru/1/645/001645661_800_800.jpg;https://img.divine-light.ru/1/645/001645662_800_800.jpg;;;;;;;;;
723064;723064;"Бра Denkirs DK5022-BK";Бра;Denkirs;DK5022-BK;4631169948399;"Свет для дома / Настенные бра";https://divine-light.ru/catalog/nastennye_i_bra/dk5022_bk_nastennyy_svetilnik_ip20_do_15_vt_led_2xgu10_chernyy_alyuminiy/;современный;овал;черный;алюминий;черный;алюминий;54;;300;LED;30;220;GU10;20;;"На стену";Словения;"Scope | СКОУП";гостиная;Цилиндр;Нет;0.566;1;0.007;3;320х67х320;;Нет;"Настенный светильник Denkirs DK5022-BK";;;;;;;15;2;;;;;;;;;;;;;;;;;;;;;;;;;;;;;;;https://img.divine-light.ru/1/645/001645644_800_800.jpg;https://img.divine-light.ru/1/645/001645649_800_800.jpg;https://img.divine-light.ru/1/645/001645650_800_800.jpg;https://img.divine-light.ru/1/645/001645645_800_800.jpg;https://img.divine-light.ru/1/645/001645646_800_800.jpg;https://img.divine-light.ru/1/645/001645647_800_800.jpg;https://img.divine-light.ru/1/645/001645648_800_800.jpg;;;;;;;;;
723065;723065;"Бра Denkirs DK5022-SG";Бра;Denkirs;DK5022-SG;4631169948405;"Свет для дома / Настенные бра";https://divine-light.ru/catalog/nastennye_i_bra/dk5022_sg_nastennyy_svetilnik_ip20_do_15_vt_led_2xgu10_matovoe_zoloto_alyuminiy/;современный;овал;"золото матовое";алюминий;"золото матовое";алюминий;54;;300;LED;30;220;GU10;20;;"На стену";Словения;"Scope | СКОУП";гостиная;Цилиндр;Нет;0.55;1;0.0015;3;60х80х310;;Нет;"Настенный светильник Denkirs DK5022-SG";;;;;;;15;2;;;;;;;;;;;;;;;;;;;;;;;;;;;;;;;https://img.divine-light.ru/1/645/001645651_800_800.jpg;https://img.divine-light.ru/1/645/001645656_800_800.jpg;https://img.divine-light.ru/1/645/001645657_800_800.jpg;https://img.divine-light.ru/1/645/001645652_800_800.jpg;https://img.divine-light.ru/1/645/001645653_800_800.jpg;https://img.divine-light.ru/1/645/001645654_800_800.jpg;https://img.divine-light.ru/1/645/001645655_800_800.jpg;;;;;;;;;
723091;723091;"Бра Denkirs DK5021-WH";Бра;Denkirs;DK5021-WH;4631169948351;"Свет для дома / Настенные бра";https://divine-light.ru/catalog/nastennye_i_bra/dk5021_wh_nastennyy_svetilnik_ip20_do_15_vt_led_gu10_belyy_alyuminiy/;современный;овал;белый;алюминий;белый;алюминий;54;;150;LED;15;220;GU10;20;;"На стену";Словения;"Scope | СКОУП";гостиная;Цилиндр;Нет;0.324;1;0.002;1;185х70х185;;Нет;"Настенный светильник Denkirs DK5021-WH";https://divine-light.ru/files/upload/instruction/denkirs/DK5021-WH.pdf;;;;;;15;1;;;;;;;;;;;;;;;;;;;;;;;;;;;;;;;https://img.divine-light.ru/1/645/001645638_800_800.jpg;https://img.divine-light.ru/1/645/001645643_800_800.jpg;https://img.divine-light.ru/1/645/001645639_800_800.jpg;https://img.divine-light.ru/1/645/001645640_800_800.jpg;https://img.divine-light.ru/1/645/001645641_800_800.jpg;https://img.divine-light.ru/1/645/001645642_800_800.jpg;;;;;;;;;;
732103;732103;"Бра Denkirs DK7505-BK";Бра;Denkirs;DK7505-BK;4631170485784;"Свет для дома / Настенные бра";https://divine-light.ru/catalog/nastennye_i_bra/dk7505_bk_cvetilnik_tros_v_opletke_flex_so_svetodiodom_5m_24v_dc_86w_360_3000k_ip20_chernyy/;современный;овал;черный;алюминий;белый;силикон;;5000;;LED;86;24;"встроенный светодиод";20;"белый (теплый)";;Словения;"Flex | ФЛЕКС";гостиная;Цилиндр;Да;2.6;1;0.0325;28;500х500х130;3850;Да;"Настенный светильник FLEX DK7505-BK";https://divine-light.ru/files/upload/instruction/denkirs/DK7505-BK.pdf;;Да;пластик;360;>90;;;;;;;;;;;;;;;;;;;;;;;;;;;;;;;;;https://img.divine-light.ru/1/281/001281010_800_800.jpg;https://img.divine-light.ru/1/999/001024256_800_800.jpg;https://img.divine-light.ru/1/509/001509959_800_800.jpg;https://img.divine-light.ru/1/999/001024258_800_800.jpg;https://img.divine-light.ru/1/999/001024260_800_800.jpg;;;;;;;;;;;
732104;732104;"Бра Denkirs DK7506-BK";Бра;Denkirs;DK7506-BK;4631170485791;"Свет для дома / Настенные бра";https://divine-light.ru/catalog/nastennye_i_bra/dk7506_bk_podvesnoy_svetilnik_tros_v_opletke_flex_so_svetodiodom_24v_dc_31w_360_3000k_ip20_chernyy/;современный;овал;черный;алюминий;белый;силикон;;1800;;LED;31;24;"встроенный светодиод";20;"белый (теплый)";;Словения;"Flex | ФЛЕКС";гостиная;Цилиндр;Да;2.1;1;0.0219;10;410х410х130;770;Да;"Настенный светильник FLEX DK7506-BK";https://divine-light.ru/files/upload/instruction/denkirs/DK7506-BK.pdf;;Да;пластик;360;>90;;;;;;;;;;;;;;;;;;;;;;;;;;;;;;;;;https://img.divine-light.ru/1/281/001281012_800_800.jpg;https://img.divine-light.ru/1/999/001024264_800_800.jpg;https://img.divine-light.ru/1/509/001509961_800_800.jpg;https://img.divine-light.ru/1/999/001024266_800_800.jpg;https://img.divine-light.ru/1/999/001024268_800_800.jpg;;;;;;;;;;;
732106;732106;"Бра Denkirs DK7502-BK";Бра;Denkirs;DK7502-BK;4631170485760;"Свет для дома / Настенные бра";https://divine-light.ru/catalog/nastennye_i_bra/dk7502_bk_cvetilnik_tros_v_opletke_flex_so_svetodiodom_2m_24v_dc_35w_360_3000k_ip20_chernyy/;современный;овал;черный;алюминий;белый;силикон;;2000;;LED;35;24;"встроенный светодиод";20;"белый (теплый)";;Словения;"Flex | ФЛЕКС";гостиная;Цилиндр;Да;1.84;1;0.0325;11;500х500х130;1540;Да;"Настенный светильник FLEX DK7502-BK";https://divine-light.ru/files/upload/instruction/denkirs/DK7502-BK.pdf;;Да;пластик;360;>90;;;;;;;;;;;;;;;;;;;;;;;;;;;;;;;;;https://img.divine-light.ru/1/281/001281006_800_800.jpg;https://img.divine-light.ru/1/999/001024240_800_800.jpg;https://img.divine-light.ru/1/509/001509955_800_800.jpg;https://img.divine-light.ru/1/999/001024242_800_800.jpg;https://img.divine-light.ru/1/999/001024244_800_800.jpg;;;;;;;;;;;
764380;764380;"Бра Denkirs DK5072-SB";Бра;Denkirs;DK5072-SB;4631174862574;"Свет для дома / Настенные бра";https://divine-light.ru/catalog/nastennye_i_bra/dk5072-sb-bra-shine-wall-so-svetodiodom-d104-h68-ip20-3000k-3w-ra-90-satinirovannaya-latun-al_764380/;современный;круг;"сатинированная латунь";алюминий;"сатинированная латунь";алюминий;104;;68;"LED OSRAM";3;220;"встроенный светодиод";20;"белый (теплый)";"На стену";Словения;"SHINE WALL | ШАЙН УОЛЛ";гостиная;Цилиндр;;0.48;1;0.0019;1;155х130х95;180;Да;"Бра SHINE WALL DK5072-SB";"https://divine-light.ru/files/upload/instruction/denkirs/DK5072-SB/SHINE Wall DK5072.pdf";https://divine-light.ru/upload/3d/Denkirs/DK5072-SB.rar;;;36;>90;;;однофазный;накладной;"Монтажная пластина";https://divine-light.ru/files/ies/Denkirs/DK5072-SB.rar;;;;;;;;;;;;;;;;;;;;;;;;;;;https://img.divine-light.ru/1/607/001607994_800_800.jpg;https://img.divine-light.ru/1/408/001408692_800_800.jpg;https://img.divine-light.ru/1/408/001408694_800_800.jpg;https://img.divine-light.ru/1/607/001607995_800_800.jpg;https://img.divine-light.ru/1/408/001408696_800_800.jpg;https://img.divine-light.ru/1/408/001408698_800_800.jpg;https://img.divine-light.ru/1/408/001408700_800_800.jpg;https://img.divine-light.ru/1/408/001408702_800_800.jpg;https://img.divine-light.ru/1/408/001408704_800_800.jpg;https://img.divine-light.ru/1/408/001408706_800_800.jpg;;;;;;
764381;764381;"Бра Denkirs DK5072-DN";Бра;Denkirs;DK5072-DN;4631174862581;"Свет для дома / Настенные бра";https://divine-light.ru/catalog/nastennye_i_bra/dk5072-dn-bra-shine-wall-so-svetodiodom-d104-h68-ip20-3000k-3w-ra-90-temnyy-nikel-alyuminiy_764381/;современный;круг;"темный никель";алюминий;"темный никель";алюминий;104;;68;"LED OSRAM";3;220;"встроенный светодиод";20;"белый (теплый)";"На стену";Словения;"SHINE WALL | ШАЙН УОЛЛ";гостиная;Цилиндр;;0.48;1;0.0019;1;155х130х95;180;Да;"Бра SHINE WALL DK5072-DN";"https://divine-light.ru/files/upload/instruction/denkirs/DK5072-DN/SHINE Wall DK5072.pdf";https://divine-light.ru/upload/3d/Denkirs/DK5072-DN.rar;;;36;>90;;;однофазный;накладной;"Монтажная пластина";https://divine-light.ru/files/ies/Denkirs/DK5072-DN.rar;;;;;;;;;;;;;;;;;;;;;;;;;;;https://img.divine-light.ru/1/607/001607992_800_800.jpg;https://img.divine-light.ru/1/408/001408674_800_800.jpg;https://img.divine-light.ru/1/408/001408676_800_800.jpg;https://img.divine-light.ru/1/607/001607993_800_800.jpg;https://img.divine-light.ru/1/408/001408678_800_800.jpg;https://img.divine-light.ru/1/408/001408680_800_800.jpg;https://img.divine-light.ru/1/408/001408682_800_800.jpg;https://img.divine-light.ru/1/408/001408684_800_800.jpg;https://img.divine-light.ru/1/408/001408686_800_800.jpg;https://img.divine-light.ru/1/408/001408688_800_800.jpg;;;;;;
764328;764328;"Бра Denkirs DK5060-BK";Бра;Denkirs;DK5060-BK;4631174862055;"Свет для дома / Настенные бра";https://divine-light.ru/catalog/nastennye_i_bra/dk5060_bk_bra_orbit_ip20_3000k_led_10_vt_chernyy_matovyy_alyuminiy/;современный;круг;"черный матовый";алюминий;"черный матовый";алюминий;185;85;185;LED;10;220;"встроенный светодиод";20;"белый (теплый)";"На стену";Словения;"Orbit | ОРБИТ";гостиная;Круглый;;0.786;1;0.0058;3;220х220х120;660;Да;"Бра ORBIT DK5060-BK";"https://divine-light.ru/files/upload/instruction/denkirs/DK5060-BK/ORBIT DK5060.pdf";https://divine-light.ru/upload/3d/Denkirs/DK5060-BK.rar;;;180;>90;;;;;"Монтажная пластина";;;;;;;;;;;;;;;;;;;;;;;;;;;;https://img.divine-light.ru/1/270/001270364_800_800.jpg;https://img.divine-light.ru/1/270/001270366_800_800.jpg;https://img.divine-light.ru/1/270/001270368_800_800.jpg;https://img.divine-light.ru/1/270/001270370_800_800.jpg;https://img.divine-light.ru/1/273/001273310_800_800.jpg;https://img.divine-light.ru/1/333/001333902_800_800.jpg;https://img.divine-light.ru/1/333/001333904_800_800.jpg;;;;;;;;;
764329;764329;"Бра Denkirs DK5060-BK+SG";Бра;Denkirs;DK5060-BK+SG;4631174862062;"Свет для дома / Настенные бра";https://divine-light.ru/catalog/nastennye_i_bra/dk5060_bk_sg_bra_orbit_ip20_3000k_led_10_vt_chernyy_satinirovannoe_zoloto_alyuminiy/;современный;круг;черный;алюминий;"сатинированное золото";алюминий;185;;185;LED;10;220;"встроенный светодиод";20;"белый (теплый)";"На стену";Словения;"Orbit | ОРБИТ";гостиная;Круглый;;0.772;1;0.0058;3;220х220х120;660;Да;"Бра ORBIT DK5060-BK+SG";"https://divine-light.ru/files/upload/instruction/denkirs/DK5060-BK+SG/ORBIT DK5060.pdf";https://divine-light.ru/upload/3d/Denkirs/DK5060-BK+SG.rar;;;180;>90;;;;;"Монтажная пластина";;;;;;;;;;;;;;;;;;;;;;;;;;;;https://img.divine-light.ru/1/270/001270372_800_800.jpg;https://img.divine-light.ru/1/270/001270374_800_800.jpg;https://img.divine-light.ru/1/270/001270376_800_800.jpg;https://img.divine-light.ru/1/270/001270378_800_800.jpg;https://img.divine-light.ru/1/333/001333906_800_800.jpg;https://img.divine-light.ru/1/333/001333908_800_800.jpg;;;;;;;;;;
772625;772625;"Бра Denkirs DK5035-BK";Бра;Denkirs;DK5035-BK;4631175905287;"Свет для дома / Настенные бра";https://divine-light.ru/catalog/nastennye_i_bra/dk5035_bk_bra_round_so_svetodiodom_ip20_24w_3000_4000_6500k_chernyy_alyuminiy/;современный;круг;черный;алюминий;черный;алюминий;500;55;520;LED;24;220;"встроенный светодиод";20;"белый (регулируемый)";"На стену";Словения;"ROUND | РАУНД";гостиная;Круглый;Да;1.05;1;0.0216;8;520х520х80;1080;Да;"Бра ROUND DK5035-BK";"https://divine-light.ru/files/upload/instruction/denkirs/DK5035-BK/DK5035 ROUND.pdf";https://divine-light.ru/upload/3d/Denkirs/DK5035-BK.rar;;;120;>80;;;;;"Монтажная пластина";;;;;;;;;;;;;;;;;;;;;;;;;;;;https://img.divine-light.ru/1/459/001459232_800_800.jpg;https://img.divine-light.ru/1/459/001459234_800_800.jpg;https://img.divine-light.ru/1/459/001459236_800_800.jpg;https://img.divine-light.ru/1/459/001459222_800_800.jpg;https://img.divine-light.ru/1/508/001508757_800_800.jpg;https://img.divine-light.ru/1/508/001508759_800_800.jpg;https://img.divine-light.ru/1/508/001508761_800_800.jpg;https://img.divine-light.ru/1/459/001459230_800_800.jpg;;;;;;;;
772626;772626;"Бра Denkirs DK5035-SG";Бра;Denkirs;DK5035-SG;4631175905294;"Свет для дома / Настенные бра";https://divine-light.ru/catalog/nastennye_i_bra/dk5035_sg_bra_round_so_svetodiodom_ip20_24w_3000_4000_6500k_matovoe_zoloto_alyuminiy/;современный;круг;"золото матовое";алюминий;"золото матовое";алюминий;500;55;520;LED;24;220;"встроенный светодиод";20;"белый (регулируемый)";"На стену";Словения;"ROUND | РАУНД";гостиная;Круглый;Да;1.05;1;0.0216;8;520х520х80;1080;Да;"Бра ROUND DK5035-SG";"https://divine-light.ru/files/upload/instruction/denkirs/DK5035-SG/DK5035 ROUND.pdf";https://divine-light.ru/upload/3d/Denkirs/DK5035-SG.rar;;;120;>80;;;;;"Монтажная пластина";;;;;;;;;;;;;;;;;;;;;;;;;;;;https://img.divine-light.ru/1/459/001459250_800_800.jpg;https://img.divine-light.ru/1/459/001459252_800_800.jpg;https://img.divine-light.ru/1/459/001459238_800_800.jpg;https://img.divine-light.ru/1/459/001459240_800_800.jpg;https://img.divine-light.ru/1/508/001508763_800_800.jpg;https://img.divine-light.ru/1/508/001508765_800_800.jpg;https://img.divine-light.ru/1/508/001508767_800_800.jpg;https://img.divine-light.ru/1/459/001459248_800_800.jpg;;;;;;;;
795878;795878;"Бра Denkirs DK5110-CR";Бра;Denkirs;DK5110-CR;4631177859823,4630223199227;"Свет для дома / Настенные бра";https://divine-light.ru/catalog/nastennye_i_bra/svetilnik_nastennyy_glossa_9_vt_3000k_212_164_69_mm_alyuminiy_khrom/;современный;овал;хром;алюминий;хром;алюминий;212;164;69;;9;220;"встроенный светодиод";20;"белый (теплый)";"На стену";Словения;"GLOSSA | ГЛОССА";гостиная;Овал;Да;0.1097;1;0.0092;3;280х235х140;925;Да;"Бра GLOSSA DK5110-CR";https://divine-light.ru/files/upload/instruction/denkirs/DK5110-CR/DK5110-CR.pdf;;;;120;80;;;;;"Монтажная пластина";;;;;;;;;;;;;;;;;;;;;;;;;;;;https://img.divine-light.ru/1/635/001635494_800_800.jpg;https://img.divine-light.ru/1/635/001635495_800_800.jpg;https://img.divine-light.ru/1/635/001635496_800_800.jpg;https://img.divine-light.ru/1/635/001635497_800_800.jpg;https://img.divine-light.ru/1/635/001635498_800_800.jpg;;;;;;;;;;;
795859;795859;"Бра Denkirs DK5086-BK";Бра;Denkirs;DK5086-BK;4631177859632;"Свет для дома / Настенные бра";https://divine-light.ru/catalog/nastennye_i_bra/svetilnik_nastennyy_trixray_18vt_2200_mm_3000k_alyuminiy_chernyy/;современный;овал;черный;алюминий;черный;акрил;47;52;2200;SANAN;18;220;;20;"белый (теплый)";"На стену";Словения;"TRIXRAY | ТРИКСРЭЙ";гостиная;Цилиндр;;1.835;1;0.0108;;70х70х2225;1080;Да;"Бра TRIXRAY DK5086-BK";https://divine-light.ru/files/upload/instruction/denkirs/DK5086-BK/DK5086-BK.pdf;https://divine-light.ru/upload/3d/Denkirs/DK5086-BK.zip;;;100;>90;;;;;"Монтажная пластина";;;;;;;;;;;;;;;;;;;;;;;;;;;;https://img.divine-light.ru/1/603/001603050_800_800.jpg;https://img.divine-light.ru/1/603/001603051_800_800.jpg;https://img.divine-light.ru/1/635/001635034_800_800.jpg;https://img.divine-light.ru/1/603/001603054_800_800.jpg;https://img.divine-light.ru/1/603/001603052_800_800.jpg;https://img.divine-light.ru/1/603/001603053_800_800.jpg;https://img.divine-light.ru/1/635/001635035_800_800.jpg;;;;;;;;;
795861;795861;"Бра Denkirs DK5090-BK";Бра;Denkirs;DK5090-BK;4631177859656;"Свет для дома / Настенные бра";https://divine-light.ru/catalog/nastennye_i_bra/svetilnik_nastennyy_chargelux_usb_a_usb_c_3vt_3000k_alyuminiy_chernyy/;современный;прямоугольник;черный;алюминий;черный;;50;160;60;"LED CREE";3;220;;20;"белый (теплый)";"На стену";Словения;"CHARGELUX | ЧАРДЖЛЮКС";гостиная;Цилиндр;;0.531;1;0.0003;;227х110х13;240;Да;"Бра CHARGELUX DK5090-BK";https://divine-light.ru/files/upload/instruction/denkirs/DK5090-BK/DK5090-BK.pdf;https://divine-light.ru/upload/3d/Denkirs/DK5090-BK.zip;;;24;>90;;;;;"Монтажная пластина";;Да;"выключатель тумблер";Да;;;;;;;;;;;;;;;;;;;;;;;;https://img.divine-light.ru/1/647/001647795_800_800.jpg;https://img.divine-light.ru/1/647/001647796_800_800.jpg;https://img.divine-light.ru/1/634/001634983_800_800.jpg;https://img.divine-light.ru/1/647/001647797_800_800.jpg;https://img.divine-light.ru/1/603/001603061_800_800.jpg;https://img.divine-light.ru/1/634/001634984_800_800.jpg;;;;;;;;;;
795857;795857;"Бра Denkirs DK5082-BK";Бра;Denkirs;DK5082-BK;4631177859618;"Свет для дома / Настенные бра";https://divine-light.ru/catalog/nastennye_i_bra/svetilnik_nastennyy_trixray_6_5vt_780_mm_3000k_alyuminiy_chernyy/;современный;овал;черный;алюминий;черный;акрил;47;52;780;SANAN;6.5;220;;20;"белый (теплый)";"На стену";Словения;"TRIXRAY | ТРИКСРЭЙ";гостиная;Цилиндр;;0.73;1;0.0039;;70х70х800;390;Да;"Бра TRIXRAY DK5082-BK";https://divine-light.ru/files/upload/instruction/denkirs/DK5082-BK/DK5082-BK.pdf;https://divine-light.ru/upload/3d/Denkirs/DK5082-BK.zip;;;100;>90;;;;;"Монтажная пластина";;;;;;;;;;;;;;;;;;;;;;;;;;;;https://img.divine-light.ru/1/603/001603042_800_800.jpg;https://img.divine-light.ru/1/603/001603043_800_800.jpg;https://img.divine-light.ru/1/635/001635028_800_800.jpg;https://img.divine-light.ru/1/603/001603045_800_800.jpg;https://img.divine-light.ru/1/603/001603044_800_800.jpg;https://img.divine-light.ru/1/635/001635029_800_800.jpg;https://img.divine-light.ru/1/635/001635030_800_800.jpg;;;;;;;;;
795860;795860;"Бра Denkirs DK5092-BK";Бра;Denkirs;DK5092-BK;4631177859649;"Свет для дома / Настенные бра";https://divine-light.ru/catalog/nastennye_i_bra/svetilnik_nastennyy_chargelux_s_funktsiey_besprovodnoy_zaryadki_usb_a_usb_c_3vt_8vt_3000k_alyum/;современный;прямоугольник;черный;алюминий;черный;алюминий;120;300;115;SANAN;11;220;"встроенный светодиод";20;"белый (теплый)";"На стену";Словения;"CHARGELUX | ЧАРДЖЛЮКС";гостиная;Цилиндр;;1.414;1;0.0096;3;345х165х170;720;Да;"Бра CHARGELUX DK5092-BK";https://divine-light.ru/files/upload/instruction/denkirs/DK5092-BK/DK5092-BK.pdf;https://divine-light.ru/upload/3d/Denkirs/DK5092-BK.zip;;;24;>90;;;;;"Монтажная пластина";;Да;"выключатель тумблер";Да;кнопка;;;;;;;;;;;;;;;;;;;;;;;https://img.divine-light.ru/1/648/001648597_800_800.jpg;https://img.divine-light.ru/1/648/001648598_800_800.jpg;https://img.divine-light.ru/1/648/001648599_800_800.jpg;https://img.divine-light.ru/1/648/001648600_800_800.jpg;https://img.divine-light.ru/1/648/001648601_800_800.jpg;https://img.divine-light.ru/1/648/001648602_800_800.jpg;;;;;;;;;;
795856;795856;"Бра Denkirs DK5080-BK";Бра;Denkirs;DK5080-BK;4630223199258,4631177859601;"Свет для дома / Настенные бра";https://divine-light.ru/catalog/nastennye_i_bra/svetilnik_nastennyy_trixray_3vt_450_mm_3000k_alyuminiy_chernyy/;современный;овал;черный;алюминий;черный;акрил;47;52;450;SANAN;3;220;;20;"белый (теплый)";"На стену";Словения;"TRIXRAY | ТРИКСРЭЙ";гостиная;Цилиндр;;0.5;1;0.0023;;70х70х480;180;Да;"Бра TRIXRAY DK5080-BK";https://divine-light.ru/files/upload/instruction/denkirs/DK5080-BK/DK5080-BK.pdf;https://divine-light.ru/upload/3d/Denkirs/DK5080-BK.zip;;;100;>90;;;;;"Монтажная пластина";;;;;;;;;;;;;;;;;;;;;;;;;;;;https://img.divine-light.ru/1/603/001603038_800_800.jpg;https://img.divine-light.ru/1/603/001603039_800_800.jpg;https://img.divine-light.ru/1/635/001635024_800_800.jpg;https://img.divine-light.ru/1/603/001603041_800_800.jpg;https://img.divine-light.ru/1/603/001603040_800_800.jpg;https://img.divine-light.ru/1/635/001635025_800_800.jpg;https://img.divine-light.ru/1/635/001635026_800_800.jpg;https://img.divine-light.ru/1/635/001635027_800_800.jpg;;;;;;;;
795875;795875;"Бра Denkirs DK5100-BR";Бра;Denkirs;DK5100-BR;4631177859793;"Свет для дома / Настенные бра";https://divine-light.ru/catalog/nastennye_i_bra/svetilnik_nastennyy_aura_9_vt_3000k_105_73x400_mm_alyuminiy_steklo_bronza/;современный;овал;бронзовый;алюминий;"золото матовое";стекло;105;73;400;;9;220;;20;"белый (теплый)";"На потолок";Словения;"AURA | АУРА";гостиная;Цилиндр;Нет;1.33;1;0.0126;;470х185х145;540;Да;"Бра AURA DK5100-BR";https://divine-light.ru/files/upload/instruction/denkirs/DK5100-BR/DK5100-BR.pdf;;;;270;>90;;;;;"Монтажная пластина";;;;;;;;;;;;;;;;;;;;;;;;;;;;https://img.divine-light.ru/1/603/001603092_800_800.jpg;https://img.divine-light.ru/1/603/001603093_800_800.jpg;https://img.divine-light.ru/1/634/001634976_800_800.jpg;https://img.divine-light.ru/1/603/001603096_800_800.jpg;https://img.divine-light.ru/1/603/001603094_800_800.jpg;https://img.divine-light.ru/1/603/001603095_800_800.jpg;https://img.divine-light.ru/1/634/001634977_800_800.jpg;;;;;;;;;
